model,aic,bic,n,expo_sum,expo2_sum,eco_sum,geo_sum,coefs,shock_set,connectivity,cv_rmse
geo,-171.364256595376,1851.4869999148614,7190,2.4945441399307136,0.0,2.4945441399307136,0.0,"{'expo': [np.float64(0.7185859192198106), np.float64(0.24829796077633848), np.float64(-0.19904825916471147), np.float64(0.6887579343423053), np.float64(0.23908984990492052), np.float64(0.2909280318393014), np.float64(0.4913827935028168), np.float64(0.016549909509931952)], 'expo2': [nan, nan, nan, nan, nan, nan, nan, nan]}",all,xfit,0.41780339626179047
eco,-169.36082087782233,1853.490435632415,7190,0.9046075622609623,0.0,0.9046075622609623,0.0,"{'expo': [np.float64(-0.033197479862139494), np.float64(0.2712240969563833), np.float64(-0.09579938600433863), np.float64(-0.0899529146326114), np.float64(0.12372320790197183), np.float64(0.7667147798836754), np.float64(-0.012911400052782625), np.float64(-0.025193341929195985)], 'expo2': [nan, nan, nan, nan, nan, nan, nan, nan]}",all,xfit,0.2997521224794154
combined,-167.8190916920812,1910.075736423877,7190,0.7297013057655819,2.3532962217656594,0.7297013057655819,2.3532962217656594,"{'expo': [np.float64(-0.056912903537570655), np.float64(0.28264821668724754), np.float64(-0.05663979220027367), np.float64(-0.14818808575133618), np.float64(0.11410743028488232), np.float64(0.7295756513128436), np.float64(-0.08433652685666171), np.float64(-0.050552684173549384)], 'expo2': [np.float64(0.6098127024059024), np.float64(0.25064466973538835), np.float64(-0.14335031583838184), np.float64(0.6783431246143746), np.float64(0.18792733739830564), np.float64(0.3011442527343926), np.float64(0.4690558611924563), np.float64(-0.00028141047677839775)]}",all,xfit,0.2997521224794154
geo,-176.7013580429175,1846.1498984673199,7190,3.9408958166016346,0.0,3.9408958166016346,0.0,"{'expo': [np.float64(0.8477289543288314), np.float64(0.6413064128744151), np.float64(-0.09656413123686904), np.float64(0.6561242164069948), np.float64(0.5359937207595404), np.float64(0.8006271343038315), np.float64(0.5253451618276789), np.float64(0.030334347337211683)], 'expo2': [nan, nan, nan, nan, nan, nan, nan, nan]}",clustered,xfit,0.45522125184831336
eco,-172.58519764691482,1850.2660588633225,7190,1.8201100014057765,0.0,1.8201100014057765,0.0,"{'expo': [np.float64(0.15220465141427209), np.float64(0.3037249976288431), np.float64(-0.05192944849352208), np.float64(0.02047301852290113), np.float64(0.2568518550407587), np.float64(1.116492525811977), np.float64(0.026967896855770904), np.float64(-0.004675495375224605)], 'expo2': [nan, nan, nan, nan, nan, nan, nan, nan]}",clustered,xfit,0.30010096450567547
combined,-178.4870405631027,1899.4077875528556,7190,1.5702924793413306,3.9140417751588323,1.5702924793413306,3.9140417751588323,"{'expo': [np.float64(0.06271803829250563), np.float64(0.248039711814012), np.float64(-0.0331518004107634), np.float64(-0.05428922012403845), np.float64(0.2528502846060947), np.float64(1.1875702440671172), np.float64(-0.07799657916285695), np.float64(-0.015448199740740182)], 'expo2': [np.float64(0.8137794839178296), np.float64(0.561990504443437), np.float64(-0.09029478714068662), np.float64(0.6526976667399312), np.float64(0.49220053894241567), np.float64(0.9071985084334458), np.float64(0.5569830269940566), np.float64(0.019486832828402818)]}",clustered,xfit,0.30010096450567547
geo,-167.3515739849845,1855.4996825252529,7190,1.54026433818244,0.0,1.54026433818244,0.0,"{'expo': [np.float64(0.13425990531249002), np.float64(0.031161064994571178), np.float64(1.0212425940853782), np.float64(0.9882012597750426), np.float64(-0.0587282113034259), np.float64(-0.9617084403410888), np.float64(0.1607855933670531), np.float64(0.22505057229241976)], 'expo2': [nan, nan, nan, nan, nan, nan, nan, nan]}",isolated,xfit,0.3862659612690316
eco,-160.19594093949672,1862.6553155707406,7190,0.3083798911592273,0.0,0.3083798911592273,0.0,"{'expo': [np.float64(0.31677396121496004), np.float64(-0.03334403766067088), np.float64(-0.12366439095506332), np.float64(-0.33199436446062836), np.float64(-0.14691506007681163), np.float64(0.3269120860908088), np.float64(0.31104534283976704), np.float64(-0.010433645833134322)], 'expo2': [nan, nan, nan, nan, nan, nan, nan, nan]}",isolated,xfit,0.3032358630536717
combined,-156.9285386422289,1920.9662894737294,7190,0.48071448837028014,1.516247388651194,0.48071448837028014,1.516247388651194,"{'expo': [np.float64(0.2816205757919606), np.float64(-0.01632928386990283), np.float64(-0.06467975052529462), np.float64(-0.3154101896616792), np.float64(-0.15240641129906085), np.float64(0.3587094362614452), np.float64(0.358468366068571), np.float64(0.030741745604240846)], 'expo2': [np.float64(0.10212136631933008), np.float64(0.0919556686355214), np.float64(1.0835279178580117), np.float64(0.9581832198316812), np.float64(-0.09809744695307514), np.float64(-0.9142918893663388), np.float64(0.0966037119331632), np.float64(0.1962448403929003)]}",isolated,xfit,0.3032358630536717
