term,coef,se,p
Intercept,-0.29947167202965247,0.022098999661913376,7.776741757446938e-42
isolated[T.True],0.310897592072089,0.19715039066177575,0.11480553224267462
y_pre,-0.18756224841956878,0.2592131025217819,0.4693216531771681
isolated[T.True]:y_pre,0.350673642385921,0.2785141197244,0.20799873449632922
count_pre,-0.02328670809522317,0.015006302641197001,0.12071123983298179
isolated[T.True]:count_pre,0.1584749197232905,0.2361783221502453,0.5022225105418217
flow_real,0.46373684373173246,0.2050230630464519,0.02370503603376133
isolated[T.True]:flow_real,-0.2972680958970373,0.32521085637729885,0.3606758507559573
outflow,2003780.7426255816,1682994.6999926076,0.23380895904645538
isolated[T.True]:outflow,-522168.63699837675,3749132.548633778,0.8892311158953432
kc,0.0325943614136305,0.045230637713233,0.4711398175500612
isolated[T.True]:kc,0.23009908152963907,0.19756179692503267,0.24414279242391979
predation,-0.022604447126686925,0.047563958950891244,0.6346136528401338
isolated[T.True]:predation,-0.07003973053441181,0.07173404116418762,0.3288758613268401
n_nb_shocked,0.0003949126260410381,0.3112840974236694,0.9989877587539211
isolated[T.True]:n_nb_shocked,-0.0958332265722457,0.4064132528407598,0.8135859939746355
