event,site,grp,year,isolated,bin_frac,y_post,y_pre,count_pre,count_post,flow_real,outflow,kc,predation,n_nb_shocked
0,B03,26,,True,0.057777777777777775,,,,,0.5833838098176334,1.0,0.2538938316142504,,3
1,B03,32,,True,0.06666666666666667,,,,,0.43092021771585265,1.0,0.2538938316142504,,7
2,B04,20,,False,0.3111111111111111,0.25046296296296294,0.0,,66.5,0.6186261714498662,1.0,0.2621929888800397,0.0,22
3,B04,26,,True,0.057777777777777775,-0.08258928571428571,,,78.25,0.11525229528701753,1.0,0.2621929888800397,,3
4,B04,66,,True,0.0044444444444444444,-0.2992063492063493,0.07291666666666667,237.25,26.25,-0.2844436596389722,1.0,0.2621929888800397,0.0,0
5,B05,26,,True,0.057777777777777775,0.8883928571428571,,,1019.875,0.43373871155915644,1.0,0.2690610134671528,,3
6,B05,31,,False,0.12444444444444444,0.01745756172839506,-0.2411111111111111,107.25,38.2,0.28858883995254947,1.0,0.2690610134671528,0.019166666666666665,19
7,B06,31,,False,0.12444444444444444,,-0.8072949735449736,10.75,,-0.11683538745480711,1.0,0.29038598338854843,0.10208333333333333,18
8,B08,20,,False,0.3111111111111111,-0.6050569800569799,,,177.83333333333334,-0.7498389031821937,1.0,0.29536582716736287,,32
9,B09,20,,False,0.3111111111111111,,,,,-1.1220411921411921,1.0,0.2812299406267125,,27
10,B10,29,,True,0.0044444444444444444,,,,,-0.090566909690551,0.9999999999999999,0.28572362596030354,,0
11,B12,30,,True,0.022222222222222223,,,,,-0.178824694252935,1.0,0.2979915486982835,,3
12,B13,20,,False,0.3111111111111111,,,,,-0.36910826792455576,1.0,0.30351131539778176,,22
13,C01,20,,False,0.3111111111111111,,,,,-0.4834578844163929,0.9999999999999999,0.2933549859938773,,12
14,C02,20,,False,0.3111111111111111,,,,,-2.222917238103189,1.0,0.2827735682323177,,15
15,C02,32,,True,0.06666666666666667,,,,,-0.060740736293620916,1.0,0.2827735682323177,,6
16,C03,20,,False,0.3111111111111111,-0.06299603174603174,-0.021634615384615394,8.0,11.833333333333334,0.3452398291077019,0.9999999999999999,0.2879334755607098,0.010416666666666666,19
17,C03,26,,True,0.057777777777777775,0.0,,,964.5,0.4841919265773056,0.9999999999999999,0.2879334755607098,,3
18,C03,32,,True,0.06666666666666667,0.1206320685487352,-0.03149801587301587,201.1,979.0,-0.11585942884333743,0.9999999999999999,0.2879334755607098,0.057291666666666664,7
19,C05,31,,False,0.12444444444444444,0.0008680555555555559,0.40916666666666657,52.75,233.66666666666666,0.4213437867430923,1.0,0.26220679238171896,0.06486111111111112,19
20,C06,31,,False,0.12444444444444444,,-1.0510416666666664,16.5,,0.0044935103023338255,1.0,0.278591462113095,0.00625,19
21,C07,30,,True,0.022222222222222223,0.0,-1.850648148148148,418.625,3.0,0.08592616884340164,1.0,0.2966190205877815,0.07291666666666666,4
22,C08,20,,False,0.3111111111111111,0.1114672364672362,,,400.5,-0.4716632814564153,0.9999999999999999,0.2836578705228381,,36
23,C08,31,,False,0.12444444444444444,-0.8010416666666668,0.4231303418803417,427.625,10.0,-0.0942543998731568,0.9999999999999999,0.2836578705228381,0.0,19
24,C09,20,,False,0.3111111111111111,-0.44667022792022787,,,8.0,-0.4019243336045589,1.0,0.2764809804713796,,33
25,C10,20,,False,0.3111111111111111,-1.6479809253246753,,,104.125,-0.5891609382122984,0.9999999999999999,0.26143410803423794,,30
26,C11,20,,False,0.3111111111111111,0.0,,,1150.625,0.3133989213767583,0.9999999999999999,0.26578917602154845,,27
27,C12,20,,False,0.3111111111111111,,,,,-2.2984474685367546,0.9999999999999999,0.2834662773064091,,27
28,C12,30,,True,0.022222222222222223,,,,,0.08781377735952478,0.9999999999999999,0.2834662773064091,,4
29,C13,20,,False,0.3111111111111111,,,,,0.060527202985303535,0.9999999999999999,0.28829183028329836,,26
30,C13,32,,True,0.06666666666666667,,,,,,0.9999999999999999,0.28829183028329836,,7
31,D02,20,,False,0.3111111111111111,0.0427350427350427,0.23660714285714288,108.83333333333333,43.0,-0.6485940822700691,1.0,0.28259457967517465,0.022321428571428572,15
32,D02,32,,True,0.06666666666666667,1.8311011904761911,0.6272702991452991,241.25,957.75,-0.0855111558308563,1.0,0.28259457967517465,0.006944444444444444,6
33,D03,20,,False,0.3111111111111111,0.578125,-0.01388888888888889,2.5,136.0,0.9433357779025938,1.0,0.28148429869892216,0.041666666666666664,20
34,D03,31,,False,0.12444444444444444,-0.196518759018759,0.3854166666666667,136.0,53.3,0.07669054264449002,1.0,0.28148429869892216,0.013541666666666667,19
35,D04,20,,False,0.3111111111111111,2.13046875,0.04189814814814815,7.75,741.0,0.3761113661377745,1.0,0.27372249888968314,0.03125,28
36,D08,50,,True,0.008888888888888889,0.0,-0.6086805555555556,86.5,,-0.054640348276775545,0.9999999999999999,0.2661559154317243,0.010416666666666666,0
37,D09,10,,True,0.008888888888888889,0.0,,,,0.08880139508859748,1.0,0.25123499547804123,,0
38,D10,20,,False,0.3111111111111111,0.16517857142857142,,,27.333333333333332,-0.1791765408028849,1.0,0.23772260031408987,,31
39,D11,20,,False,0.3111111111111111,-0.24421296296296294,-0.21979166666666666,15.0,154.75,-0.09005592941949653,1.0,0.23392950015100292,0.03958333333333333,28
40,D11,48,,True,0.0044444444444444444,0.1609623015873016,-0.8984375,24.666666666666668,139.58333333333334,0.31186511965513164,1.0,0.23392950015100292,0.0,0
41,D13,31,,False,0.12444444444444444,0.0,-0.4947127525252526,53.7,6.0,-0.046247759349107985,1.0,0.27703936650948835,0.015625,13
42,E01,20,,False,0.3111111111111111,-0.0012019230769230772,0.0,,11.0,-0.07305659826639685,1.0,0.27439058484682,0.0625,13
43,E01,31,,False,0.12444444444444444,0.003968253968253968,-0.000901442307692308,11.0,449.3333333333333,-0.07991568116611014,1.0,0.27439058484682,0.0,16
44,E02,20,,False,0.3111111111111111,-2.973484848484848,0.1875,20.333333333333332,797.5,-0.027155679892010533,0.9999999999999999,0.294761264257766,0.01875,18
45,E02,31,,False,0.12444444444444444,0.2023809523809524,-2.2301136363636362,797.5,100.5,0.04110582021033999,0.9999999999999999,0.294761264257766,0.030539772727272728,18
46,E03,20,,False,0.3111111111111111,0.5125000000000001,-0.012310606060606058,7.666666666666667,165.125,0.20116455866867058,1.0,0.27512492963162327,0.10708333333333334,22
47,E03,31,,False,0.12444444444444444,0.11979166666666667,0.33906250000000004,165.125,36.25,0.424977969286005,1.0,0.27512492963162327,0.005208333333333333,25
48,E04,31,,False,0.12444444444444444,-0.2341269841269843,0.0,7.0,307.0,-0.015876340095090098,0.9999999999999999,0.24711942321636768,0.0,19
49,E07,31,,False,0.12444444444444444,,0.0,737.25,,0.008657193285683977,1.0,0.27494329244639387,0.11041666666666666,23
50,E09,32,,True,0.06666666666666667,,0.3854166666666667,217.625,,0.5035257279018622,0.9999999999999999,0.25660911622021393,0.4947916666666667,11
51,E10,20,,False,0.3111111111111111,-0.018229166666666664,0.0,,2.6666666666666665,-0.5047434839386895,1.0,0.2404120891834249,0.010416666666666666,32
52,E10,30,,True,0.022222222222222223,-1.3076923076923075,-0.10833333333333332,2.6666666666666665,,-0.1370087977437514,1.0,0.2404120891834249,0.0375,4
53,E11,20,,False,0.3111111111111111,-0.3333333333333333,0.0,,753.5,-0.6510358645264447,0.9999999999999999,0.24539999350698802,0.0,29
54,E11,32,,True,0.06666666666666667,,-0.18055555555555555,753.5,,0.0309231828611522,0.9999999999999999,0.24539999350698802,0.005208333333333333,8
55,E12,32,,True,0.06666666666666667,0.0,0.7167245370370371,599.1666666666666,,0.03173536106616913,1.0,0.25516466940006993,0.005208333333333333,8
56,E13,31,,False,0.12444444444444444,,-0.809375,127.33333333333333,,-0.022907642401689993,1.0,0.26410835540373157,0.00625,7
57,F01,31,,False,0.12444444444444444,0.27734375,-6.938893903907229e-19,64.0,102.33333333333333,0.08665359144388747,0.9999999999999999,0.26057522959706464,0.01,16
58,F02,31,,False,0.12444444444444444,-8.411057692307693,0.374375,251.5,4.0,-0.22540890822140824,1.0,0.24808274646727152,0.00625,23
59,F03,20,,False,0.3111111111111111,0.1484375,-0.9750000000000001,6.0,103.5,-0.08229014677452176,1.0,0.24509654819354706,0.016666666666666666,27
60,F03,31,,False,0.12444444444444444,-2.078125,0.11875,103.5,6.0,-0.6125976812232343,1.0,0.24509654819354706,0.01875,19
61,F04,31,,False,0.12444444444444444,0.2526041666666667,0.203125,130.25,10.0,-0.08420392925532783,1.0,0.27645884346437055,0.015625,19
62,F05,31,,False,0.12444444444444444,0.28130787037037036,0.484375,223.25,25.5,0.4829123953273329,1.0,0.2774538807584227,0.03125,20
63,F06,31,,False,0.12444444444444444,0.0,0.0,11.0,8.5,0.3954414868999492,1.0,0.29091238520339674,0.00625,21
64,F08,20,,False,0.3111111111111111,-0.03515625,-0.07546296296296295,4.0,,-0.8984795866960501,1.0,0.2599314601088481,0.06388888888888888,40
65,F08,31,,False,0.12444444444444444,0.09699074074074075,-0.384375,,57.75,0.5914450031590184,1.0,0.2599314601088481,0.00625,20
66,F09,20,,False,0.3111111111111111,0.03472222222222222,0.0,7.0,56.5,0.326868788372967,1.0,0.2699440319508894,0.0,37
67,F09,31,,False,0.12444444444444444,0.015625,0.026041666666666664,56.5,6.0,0.33607145250615134,1.0,0.2699440319508894,0.4296875,18
68,F10,20,,False,0.3111111111111111,-0.3879629629629629,-1.64453125,1.0,3.0,-0.06866059436595146,1.0,0.25003857434919047,0.5859375,31
69,F10,32,,True,0.06666666666666667,0.07291666666666667,-0.5715277777777777,3.0,78.5,0.1083201099380976,1.0,0.25003857434919047,0.015625,8
70,F11,20,,False,0.3111111111111111,0.0,0.0,,180.25,-0.07573644499239737,0.9999999999999999,0.2578346662180303,0.30125,30
71,F11,32,,True,0.06666666666666667,0.0,0.0,121.16666666666667,10.0,-0.12273288930485898,0.9999999999999999,0.2578346662180303,0.020833333333333332,8
72,F12,32,,True,0.06666666666666667,0.036458333333333336,-0.3497869318181818,4.5,44.5,0.10206207886763441,1.0,0.26631252090855856,0.15710227272727273,8
73,F13,26,,True,0.057777777777777775,0.0,,,35.5,-0.37934792976332615,1.0,0.23333227051434569,,0
74,G01,20,,False,0.3111111111111111,1.7653645833333333,-0.35987103174603174,38.625,2018.5,0.29697389727437806,1.0,0.2282505200451174,0.0125,17
75,G01,31,,False,0.12444444444444444,-0.2109375,1.1769097222222222,2018.5,45.833333333333336,0.1183248150019491,1.0,0.2282505200451174,0.005208333333333333,15
76,G03,20,,False,0.3111111111111111,0.24479166666666666,0.10576923076923078,25.5,192.5,0.038752835465074936,1.0000000000000002,0.22881683822259316,0.0811965811965812,28
77,G06,32,,True,0.06666666666666667,0.47511574074074076,0.036458333333333336,40.166666666666664,64.33333333333333,0.29126171763278097,1.0,0.28692989778898254,0.005208333333333333,12
78,G08,20,,False,0.3111111111111111,0.0,-0.125,,311.5,0.5714792479896647,0.9999999999999998,0.2686789447642779,0.10625,38
79,G09,20,,False,0.3111111111111111,0.0,0.009583333333333333,4.5,31.0,0.7137269139425388,0.9999999999999999,0.264206250043777,0.15291666666666665,34
80,G10,20,,False,0.3111111111111111,-0.010416666666666666,-0.010416666666666668,3.0,,0.1158834087898456,1.0,0.27255414290842045,0.01875,31
81,G10,33,,True,0.008888888888888889,0.013020833333333336,-0.00625,307.5,6.0,0.031347401441151446,1.0,0.27255414290842045,0.7375,1
82,G11,20,,False,0.3111111111111111,0.640625,-0.03125,,259.0,-0.09363210804666497,1.0,0.25219635834856746,0.020833333333333332,30
83,G12,20,,False,0.3111111111111111,0.0,-0.015625,,66.0,0.8321095459200298,1.0,0.2535334164430661,0.025,34
84,H01,10,,True,0.008888888888888889,0.32366071428571425,,,133.75,-0.06571375053517911,0.9999999999999999,0.22950244320875676,,0
85,H03,21,,True,0.08444444444444445,-0.00390625,0.03541666666666667,1.5,,0.2427117887173743,1.0,0.21941308275390392,0.0,2
86,H09,20,,False,0.3111111111111111,0.1898148148148148,-0.49374999999999997,1.6666666666666667,77.5,0.13330795819525695,0.9999999999999999,0.2574513936763378,0.0328125,39
87,H10,20,,False,0.3111111111111111,0.0125,0.03125,2.0,15.0,0.12448589177300468,0.9999999999999999,0.26368577411830174,0.125,35
88,H11,21,,True,0.08444444444444445,0.32775297619047605,-0.03125,,153.16666666666666,0.6479838667877461,1.0,0.2502899536011292,0.015625,7
89,H12,21,,True,0.08444444444444445,0.0,,,3.0,0.26179462691808364,1.0,0.24895306358844896,,7
90,H12,31,,False,0.12444444444444444,0.0,0.0,3.0,5.0,0.3219838318078261,1.0,0.24895306358844896,0.0,10
91,H13,20,,False,0.3111111111111111,,-0.640625,,,-0.75619873977125,1.0,0.25052614410140245,0.019230769230769232,26
92,I04,21,,True,0.08444444444444445,0.30952380952380953,,,144.0,-0.49332569645069646,0.9999999999999999,0.20933607549292563,,4
93,I07,20,,False,0.3111111111111111,0.049479166666666664,-0.25625,,12.0,-0.29162428326031264,1.0,0.2533993307781848,0.0,41
94,I09,20,,False,0.3111111111111111,0.0,0.0,,,-1.0335775614720926,1.0,0.2686644271159725,0.011111111111111112,31
95,I10,20,,False,0.3111111111111111,-0.1568080357142857,,,1.0,-0.5197269481360391,1.0,0.25793620212043655,,33
96,I10,30,,True,0.022222222222222223,-0.13942307692307693,-0.12544642857142857,1.0,,0.026703741161158735,1.0,0.25793620212043655,0.00625,3
97,I11,21,,True,0.08444444444444445,-1.0290178571428572,-0.020833333333333332,,173.33333333333334,-0.38307944126724763,1.0,0.2566704841574075,0.0,7
98,I13,20,,False,0.3111111111111111,-0.015625,-0.22215909090909092,,87.5,-0.7398384590650355,1.0,0.26499233538375966,0.4395833333333334,25
99,J07,20,,False,0.3111111111111111,0.22932449494949494,-0.24375,9.0,299.5,-0.2929784679405891,1.0,0.26149789956036246,0.0,36
100,J10,31,,False,0.12444444444444444,0.0,-0.215625,2.6666666666666665,,0.10011061592027504,1.0,0.24473373679289287,0.0125,11
101,J10,33,,True,0.008888888888888889,0.0,-0.162405303030303,3.25,1.0,-0.1990725942040187,1.0,0.24473373679289287,0.010416666666666666,1
102,K02,20,,False,0.3111111111111111,,,,,-0.33481061660886235,1.0,0.23814272544711285,,24
103,K07,20,,False,0.3111111111111111,-1.6510416666666667,-1.5558333333333334,3.3333333333333335,669.0,0.06510435455747954,1.0,0.24842128385396683,0.01875,34
104,K07,50,,True,0.008888888888888889,0.7239583333333334,1.2827380952380951,975.3333333333334,1049.875,-0.39465035093818385,1.0,0.24842128385396683,0.026041666666666668,0
105,L02,20,,False,0.3111111111111111,,,,,0.44215972218087485,1.0,0.2340736991634354,,22
106,L03,20,,False,0.3111111111111111,0.016927083333333336,0.02718635531135526,67.9,5.5,0.381844148490477,1.0,0.24577823561117595,0.06815476190476191,22
107,M03,20,,False,0.3111111111111111,,,,,-0.05644648331564221,1.0,0.23884866014876732,,21
108,M04,20,,False,0.3111111111111111,-0.036458333333333336,-0.2141414141414142,15.0,32.5,0.8027399342814454,1.0,0.23691572638060981,0.20357142857142857,21
109,M05,20,,False,0.3111111111111111,0.0,-2.2991477272727274,2.6666666666666665,11.0,0.30276995399088424,1.0,0.2480273864476079,0.12118506493506494,24
110,M08,31,,False,0.12444444444444444,-0.08940972222222222,-0.071875,148.16666666666666,5.666666666666667,0.4281642161850496,0.9999999999999998,0.24863965777977798,0.00625,5
111,M13,21,,True,0.08444444444444445,-3.625520833333334,-0.1328125,,42.5,-0.6176988267216239,1.0,0.20927486855422212,0.0,8
112,N02,20,,False,0.3111111111111111,,,,,-0.6575798146255324,1.0,0.2429570334665998,,18
113,N03,20,,False,0.3111111111111111,,,,,0.14869482056512132,1.0,0.22791929381223341,,19
114,N05,20,,False,0.3111111111111111,0.1238425925925926,0.043402777777777776,3.5,48.5,-0.06619858865534006,1.0000000000000002,0.22199102059760994,0.020833333333333332,21
115,N13,31,,False,0.12444444444444444,,,,,-0.06010277176007514,1.0,0.1937982159750894,,5
116,O03,20,,False,0.3111111111111111,,,,,0.0,0.0,0.21190727588028005,,19
117,O04,20,,False,0.3111111111111111,,,,,0.39398226387809726,1.0,0.20494707343313928,,21
118,O05,20,,False,0.3111111111111111,0.0,0.0,,,-0.12843750165178738,1.0,0.20983566892599154,0.0,22
119,O13,31,,False,0.12444444444444444,,,,,0.05230045727390499,0.9999999999999999,0.1824692022289407,,4
120,P03,20,,False,0.3111111111111111,,,,,-0.20976710424078854,1.0,0.19825539371525247,,19
121,P04,20,,False,0.3111111111111111,,,,,-0.14417485274593594,1.0,0.20239445011601964,,20
122,P13,31,,False,0.12444444444444444,0.0,0.6041666666666667,317.5,,-0.1074548985785688,0.9999999999999999,0.19503147090837455,0.03125,4
123,Q04,20,,False,0.3111111111111111,,,,,0.11429998242498235,1.0,0.21822465160888752,,20
124,Q05,20,,False,0.3111111111111111,,,,,-0.3241110703812317,0.9999999999999999,0.22205388749922655,,23
125,R05,20,,False,0.3111111111111111,,,,,-0.6339435354129003,1.0,0.23090202153006947,,22
126,R05,22,,True,0.017777777777777778,,,,,-0.47354951465088657,1.0,0.23090202153006947,,0
127,R09,21,,True,0.08444444444444445,-0.16418650793650796,-1.740625,,257.8333333333333,-0.8270395670035093,1.0,0.21307868631513907,0.01875,9
128,R10,25,,True,0.013333333333333334,,0.0,,,0.6165421161439784,1.0,0.20609988063147902,0.16666666666666666,7
129,R13,26,,True,0.057777777777777775,,,,,0.017942728088723846,1.0,0.21356413066221014,,7
130,S08,20,,False,0.3111111111111111,-0.17847222222222217,-0.003472222222222222,,12.0,-0.4839401051728276,0.9999999999999999,0.2417268055039054,0.0,17
131,S09,21,,True,0.08444444444444445,0.04427083333333337,-1.325,,379.3333333333333,-0.20769429139587586,1.0,0.23698614265926513,0.01875,8
132,S09,25,,True,0.013333333333333334,0.8882688492063493,-6.552083333333333,,329.75,-0.575183344058651,1.0,0.23698614265926513,0.0,7
133,S10,25,,True,0.013333333333333334,-1.34765625,,,199.25,-0.26663990570240576,1.0,0.2315841977011887,,7
134,S11,20,,False,0.3111111111111111,-5.708333333333333,-0.10416666666666667,,,-0.5269428309446296,1.0000000000000002,0.23433491849170215,0.47500000000000003,10
135,T08,20,,False,0.3111111111111111,,,,,-1.3749881235528036,1.0,0.23704294872499856,,15
136,T09,20,,False,0.3111111111111111,-2.412760416666667,0.0078125,1.0,77.5,-0.8051731972924929,0.9999999999999999,0.25892901738206553,0.0,18
137,T09,26,,True,0.057777777777777775,-0.1949404761904762,-1.046875,,90.3,-0.010145285651322555,0.9999999999999999,0.25892901738206553,0.0,7
138,T10,26,,True,0.057777777777777775,-0.7081616300366301,,,330.5,-0.2503064386744942,0.9999999999999999,0.2306930273766424,,7
139,U09,20,,False,0.3111111111111111,-0.7743055555555555,-0.09765625,1.0,143.0,-0.34017193261984935,0.9999999999999999,0.23849472023021182,0.0234375,11
140,U09,26,,True,0.057777777777777775,-0.27638888888888885,,,183.66666666666666,-1.108136440059645,0.9999999999999999,0.23849472023021182,,7
141,U10,20,,False,0.3111111111111111,0.06944444444444449,,,440.0,-1.6545404943313626,1.0,0.24522769767761135,,10
142,U11,20,,False,0.3111111111111111,0.040593434343434376,0.0,,129.0,-0.5934714972354898,1.0,0.21581799375755845,0.6484375,13
143,U12,21,,True,0.08444444444444445,,0.0,,,-1.3033149558208752,1.0,0.2217087105298345,0.1,8
144,U13,21,,True,0.08444444444444445,-1.0282638888888889,-0.041666666666666664,,571.1666666666666,-0.7544690159269599,1.0,0.22589561944313513,0.020833333333333332,8
145,V10,20,,False,0.3111111111111111,-1.09765625,0.059375,13.0,116.125,0.19582603243317528,1.0,0.23902743552908837,0.0,14
146,V10,26,,True,0.057777777777777775,-1.0093344155844155,-4.40625,52.0,174.2,-0.5759728143781883,1.0,0.23902743552908837,0.0,7
147,V11,20,,False,0.3111111111111111,0.0,,,288.3333333333333,0.24484698670973182,1.0,0.20935445106810904,,13
148,V12,21,,True,0.08444444444444445,,0.0,,,0.0,0.0,0.22501833014531752,0.0,8
