lag,coef,lo,hi,n_shocks,n_sites,boot_lo,boot_hi,species,shock_set,n_events
-6,-0.023396241891576214,-0.12017735417037245,0.07338487038722002,19.0,15.0,,,hyenaSpotted,clustered,98
-5,0.006154086248599066,0.0053591726757943065,0.006948999821403826,56.0,50.0,,,hyenaSpotted,clustered,98
-4,0.039006096514679595,-0.037633911001828835,0.11564610403118802,61.0,56.0,,,hyenaSpotted,clustered,98
-3,-0.0031454119719692792,-0.03832717697233108,0.03203635302839253,52.0,49.0,,,hyenaSpotted,clustered,98
-2,-0.0055804240685978215,-0.0549143400832598,0.043753491946064156,48.0,44.0,,,hyenaSpotted,clustered,98
-1,0.0,,,,,,,hyenaSpotted,clustered,98
0,0.0008809038634243359,-0.018608821327538463,0.02037062905438713,23.0,23.0,,,hyenaSpotted,clustered,98
1,-0.04970182986249392,-0.06763640147714547,-0.031767258247842364,21.0,21.0,,,hyenaSpotted,clustered,98
2,0.008235418416248731,-0.009980234993570484,0.026451071826067946,19.0,19.0,,,hyenaSpotted,clustered,98
3,-0.015847987409308848,-0.035035135971142425,0.003339161152524729,17.0,17.0,,,hyenaSpotted,clustered,98
4,0.04424378696034659,0.019474015490852235,0.06901355842984094,16.0,16.0,,,hyenaSpotted,clustered,98
5,0.040075300435930425,-0.03762830475283273,0.11777890562469358,37.0,35.0,,,hyenaSpotted,clustered,98
6,-0.008559034915622406,-0.03344489016580375,0.016326820334558942,54.0,52.0,,,hyenaSpotted,clustered,98
7,0.038151851415887277,-0.0026302085838501785,0.07893391141562472,60.0,56.0,,,hyenaSpotted,clustered,98
8,0.019655984952741283,-0.0540160378065924,0.09332800771207497,56.0,52.0,,,hyenaSpotted,clustered,98
9,0.0014495567520571252,-0.0013830506189250347,0.004282164123039285,52.0,48.0,,,hyenaSpotted,clustered,98
10,-0.014209981468853841,-0.022199908605057814,-0.006220054332649867,60.0,55.0,,,hyenaSpotted,clustered,98
11,0.007893636706879118,0.004214253934747234,0.011573019479011003,57.0,52.0,,,hyenaSpotted,clustered,98
12,-0.005626674673355694,-0.07975941298715965,0.06850606364044827,54.0,49.0,,,hyenaSpotted,clustered,98
