lag,coef,lo,hi,n_shocks,n_sites,boot_lo_x,boot_hi_x,boot_lo_y,boot_hi_y,species,shock_set,n_events
-6,-0.9850495842494484,-1.5616683287519804,-0.4084308397469164,21.0,20.0,,,-2.184230586604356,-0.567858529089164,zebra,isolated,51
-5,-0.5732007308789488,-1.1273157800236309,-0.019085681734266835,26.0,26.0,,,-1.1430703309315224,-0.006359837949883346,zebra,isolated,51
-4,-0.5352194097441902,-0.8992947858855544,-0.17114403360282598,22.0,22.0,,,-0.8557831228306558,0.009126729981362033,zebra,isolated,51
-3,-0.594046744918917,-0.8642689756500017,-0.32382451418783226,22.0,22.0,,,-0.8809446865569817,-0.23953022198656365,zebra,isolated,51
-2,-0.6879125902923723,-1.1453420919894863,-0.2304830885952583,19.0,19.0,,,-1.214482611573506,-0.18061321477932765,zebra,isolated,51
-1,0.0,,,,,,,,,zebra,isolated,51
0,0.17140114616329757,-1.7891548753242625,2.1319571676508575,21.0,19.0,,,-1.3779303799931153,1.8958218222883618,zebra,isolated,51
1,-0.8299888230878708,-1.3820504268359404,-0.27792721933980125,20.0,18.0,,,-1.4207407754991894,-0.2743848333290956,zebra,isolated,51
2,3.2382830670724294,-1.5898899634446506,8.066456097589509,21.0,19.0,,,-0.7131529021710233,8.556491133946624,zebra,isolated,51
3,1.2643096082994099,0.05697954458849552,2.4716396720103244,19.0,17.0,,,-0.1700979866589644,2.9402985703947944,zebra,isolated,51
4,0.20328734360573653,-0.9595994885966017,1.3661741758080748,16.0,15.0,,,-0.6708308831929086,2.2094651418286895,zebra,isolated,51
5,0.49977405494012533,-0.28072635504721904,1.2802744649274698,24.0,21.0,,,-0.3467986908173595,1.4746708603637178,zebra,isolated,51
6,-0.023025026380950154,-0.4143208070331957,0.36827075427129535,26.0,23.0,,,-0.3847598253306865,0.5676908609081115,zebra,isolated,51
7,0.6501458216437161,-0.02743917626608361,1.327730819553516,27.0,24.0,,,-0.25236642537110865,1.2906617289698277,zebra,isolated,51
8,1.0811410273809987,-0.566750052431634,2.7290321071936314,26.0,24.0,,,-0.6908210965252222,2.447633208289975,zebra,isolated,51
9,-0.16073116128550732,-0.8062824922341161,0.4848201696631014,31.0,30.0,,,-0.7035812831084153,0.4130899681027002,zebra,isolated,51
10,-1.1325187700090495,-1.6031286993480305,-0.6619088406700686,27.0,27.0,,,-1.4392408407643447,-0.22132505806506392,zebra,isolated,51
11,-0.52962741619513,-0.8853751995074998,-0.1738796328827602,26.0,25.0,,,-0.8393373021207924,0.013376808006375862,zebra,isolated,51
12,-0.09508421003343796,-0.8056199544522623,0.6154515343853865,24.0,23.0,,,-0.7235480208702225,0.784086971797252,zebra,isolated,51
