set,species,post_mean_2_8,n_events
isolated,zebra,0.9877022709373522,51
all,cheetah,-0.003494656892119457,149
all,lion,0.006819048205597026,149
all,elephant,0.005653818030520628,149
isolated,elephant,0.018819605266536924,51
all,zebra,0.5983704427449448,149
clustered,wildebeest,-0.28495095617239824,98
clustered,leopard,0.0009374980208496116,98
all,leopard,0.0010358687318063275,149
clustered,giraffe,0.007344118982565442,98
all,hyenaSpotted,0.024310762638930096,149
clustered,hyenaSpotted,0.01799361712231754,98
clustered,elephant,-0.016458833803723986,98
isolated,cheetah,0.0033905881911559716,51
isolated,lion,0.035804150050956336,51
clustered,zebra,0.27961760382645207,98
clustered,cheetah,-0.010919177947832714,98
clustered,lion,-0.023116867710613172,98
isolated,leopard,0.0007270084736877143,51
all,giraffe,0.02344106685692562,149
isolated,wildebeest,0.2735630140446497,51
all,wildebeest,0.032588482924652044,149
isolated,giraffe,0.03948429298319654,51
isolated,hyenaSpotted,0.03304059899588583,51
