analysis,n,post_mean
all_pooled,89,-0.00994833567561203
exclude_2010,41,-0.06125728559619319
isolated_no_pretrend,14,0.6911992884187133
clustered_matched_only,44,-0.2364850669083187
isolated_matched,19,0.5229552133355037
LOSBO_drop_bin10,147,0.0214198628686022
LOSBO_drop_bin20,79,0.08011364251622932
LOSBO_drop_bin21,138,0.009908362510532408
LOSBO_drop_bin22,148,0.03290797834661223
LOSBO_drop_bin25,146,0.05247218814377667
LOSBO_drop_bin26,139,-0.02375510722068106
LOSBO_drop_bin29,148,0.032932368899175765
LOSBO_drop_bin30,144,0.06517007751671226
LOSBO_drop_bin31,121,0.27008352207146186
LOSBO_drop_bin32,137,-0.07359793267140365
LOSBO_drop_bin33,147,0.019447135753730988
LOSBO_drop_bin48,148,0.046671660227242076
LOSBO_drop_bin50,147,0.022531810138372053
LOSBO_drop_bin66,148,0.01644656082838263
