analysis,species,stat,value
LOYO_2010,wildebeest,post_mean_2_8,0.01950843791977739
LOYO_2010,zebra,post_mean_2_8,0.6019153267210013
LOYO_2010,carnivores,eco_sum,0.10434652907478065
LOYO_2011,wildebeest,post_mean_2_8,0.23598945414686587
LOYO_2011,zebra,post_mean_2_8,0.15558080181676354
LOYO_2011,carnivores,eco_sum,1.3942065196522448
LOYO_2012,wildebeest,post_mean_2_8,0.0188666972782727
LOYO_2012,zebra,post_mean_2_8,0.6501297851275413
LOYO_2012,carnivores,eco_sum,0.8866198237639641
LOSBO_bin10,wildebeest,post_mean_2_8,0.0214198628686022
LOSBO_bin20,wildebeest,post_mean_2_8,0.08011364251622932
LOSBO_bin21,wildebeest,post_mean_2_8,0.009908362510532408
LOSBO_bin22,wildebeest,post_mean_2_8,0.03290797834661223
LOSBO_bin25,wildebeest,post_mean_2_8,0.05247218814377667
LOSBO_bin26,wildebeest,post_mean_2_8,-0.02375510722068106
LOSBO_bin29,wildebeest,post_mean_2_8,0.032932368899175765
LOSBO_bin30,wildebeest,post_mean_2_8,0.06517007751671226
LOSBO_bin31,wildebeest,post_mean_2_8,0.27008352207146186
LOSBO_bin32,wildebeest,post_mean_2_8,-0.07359793267140365
LOSBO_bin33,wildebeest,post_mean_2_8,0.019447135753730988
LOSBO_bin48,wildebeest,post_mean_2_8,0.046671660227242076
LOSBO_bin50,wildebeest,post_mean_2_8,0.022531810138372053
LOSBO_bin66,wildebeest,post_mean_2_8,0.01644656082838263
