Species,CaptureEventID
wildebeest,100660
zebra,70577
gazelleThomsons,41420
buffalo,13672
hartebeest,12431
elephant,10178
human,9851
giraffe,8386
impala,8286
guineaFowl,7793
gazelleGrants,7723
warthog,7493
otherBird,5549
hyenaSpotted,5303
lionFemale,3343
reedbuck,2875
eland,2689
hippopotamus,2611
topi,2299
baboon,1556
dikDik,1483
cheetah,1272
lionMale,923
koriBustard,688
ostrich,673
jackal,561
serval,458
secretaryBird,434
hare,398
aardvark,386
waterbuck,353
vervetMonkey,314
batEaredFox,291
porcupine,288
bushbuck,252
mongoose,246
leopard,228
aardwolf,162
reptiles,131
hyenaStriped,115
caracal,79
rodents,48
wildcat,47
civet,37
honeyBadger,35
rhinoceros,30
genet,27
zorilla,17
