site,bin_start,bin_end,duration_bins,min_z,frac_sites_bin,regionwide,index
B03,26,26,1,-2.1265118380572754,0.057777777777777775,False,evi
B03,32,32,1,-2.2554131888066062,0.06666666666666667,False,evi
B04,20,20,1,-2.248620677036056,0.3111111111111111,False,evi
B04,26,26,1,-2.2442962526832333,0.057777777777777775,False,evi
B04,66,66,1,-2.256364221492338,0.0044444444444444444,False,evi
B05,26,26,1,-2.029162929306061,0.057777777777777775,False,evi
B05,31,31,1,-2.043880115888576,0.12444444444444444,False,evi
B06,31,31,1,-2.2599539928784447,0.12444444444444444,False,evi
B08,20,20,1,-2.4950210322155875,0.3111111111111111,False,evi
B09,20,20,1,-2.3418966208413057,0.3111111111111111,False,evi
B10,29,29,1,-2.1192849939949028,0.0044444444444444444,False,evi
B12,30,30,1,-2.5476465074142736,0.022222222222222223,False,evi
B13,20,20,1,-2.3133938379470322,0.3111111111111111,False,evi
C01,20,20,1,-2.2842944104945584,0.3111111111111111,False,evi
C02,20,20,1,-2.719796014911303,0.3111111111111111,False,evi
C02,32,32,1,-2.109446245448491,0.06666666666666667,False,evi
C03,20,20,1,-2.2986043465128274,0.3111111111111111,False,evi
C03,26,26,1,-2.1127390848156855,0.057777777777777775,False,evi
C03,32,32,1,-2.322732319130675,0.06666666666666667,False,evi
C05,31,31,1,-2.6271844772053323,0.12444444444444444,False,evi
C06,31,31,1,-2.600687962047028,0.12444444444444444,False,evi
C07,30,30,1,-2.3362726659137145,0.022222222222222223,False,evi
C08,20,20,1,-2.1775696104319096,0.3111111111111111,False,evi
C08,31,31,1,-2.0218499234242833,0.12444444444444444,False,evi
C09,20,20,1,-2.10375379906318,0.3111111111111111,False,evi
C10,20,20,1,-2.1637416545846904,0.3111111111111111,False,evi
C11,20,20,1,-2.1643171028258483,0.3111111111111111,False,evi
C12,20,20,1,-2.044108867981441,0.3111111111111111,False,evi
C12,30,30,1,-2.337034657710069,0.022222222222222223,False,evi
C13,20,20,1,-2.0058991177576884,0.3111111111111111,False,evi
C13,32,32,1,-2.1522347206400383,0.06666666666666667,False,evi
D02,20,20,1,-2.7016639424617512,0.3111111111111111,False,evi
D02,32,32,1,-2.069318444915397,0.06666666666666667,False,evi
D03,20,20,1,-2.0786585647601403,0.3111111111111111,False,evi
D03,31,31,1,-2.3364139955713537,0.12444444444444444,False,evi
D04,20,20,1,-2.172898660117102,0.3111111111111111,False,evi
D08,50,50,1,-2.0260771658996974,0.008888888888888889,False,evi
D09,10,10,1,-2.1530850871280047,0.008888888888888889,False,evi
D10,20,20,1,-2.2191002150673467,0.3111111111111111,False,evi
D11,20,20,1,-2.00366767399573,0.3111111111111111,False,evi
D11,48,48,1,-2.028596965007951,0.0044444444444444444,False,evi
D13,31,32,2,-2.066010154237001,0.12444444444444444,False,evi
E01,20,20,1,-2.0251159409242643,0.3111111111111111,False,evi
E01,31,31,1,-2.641852161167038,0.12444444444444444,False,evi
E02,20,20,1,-2.1108312195347714,0.3111111111111111,False,evi
E02,31,31,1,-2.4202919356117216,0.12444444444444444,False,evi
E03,20,20,1,-2.1716519522654316,0.3111111111111111,False,evi
E03,31,32,2,-2.259854616573241,0.12444444444444444,False,evi
E04,31,31,1,-2.5180055897947846,0.12444444444444444,False,evi
E07,31,31,1,-2.021402734949701,0.12444444444444444,False,evi
E09,32,32,1,-2.1140166391583315,0.06666666666666667,False,evi
E10,20,20,1,-2.1445613510123365,0.3111111111111111,False,evi
E10,30,30,1,-2.05440325572995,0.022222222222222223,False,evi
E11,20,20,1,-2.1792681973565045,0.3111111111111111,False,evi
E11,32,32,1,-2.2642341709456195,0.06666666666666667,False,evi
E12,32,32,1,-2.37896967331675,0.06666666666666667,False,evi
E13,31,31,1,-2.3094935965290055,0.12444444444444444,False,evi
F01,31,31,1,-2.173404731752425,0.12444444444444444,False,evi
F02,31,32,2,-2.205454991340796,0.12444444444444444,False,evi
F03,20,20,1,-2.2330674487103206,0.3111111111111111,False,evi
F03,31,31,1,-2.1513450226311925,0.12444444444444444,False,evi
F04,31,31,1,-2.170118582887549,0.12444444444444444,False,evi
F05,31,31,1,-2.128784631610145,0.12444444444444444,False,evi
F06,31,31,1,-2.2392022668703824,0.12444444444444444,False,evi
F08,20,20,1,-2.00460111405021,0.3111111111111111,False,evi
F08,31,31,1,-2.0862260414284424,0.12444444444444444,False,evi
F09,20,20,1,-2.27911958887224,0.3111111111111111,False,evi
F09,31,31,1,-2.0750131898201682,0.12444444444444444,False,evi
F10,20,20,1,-2.1635464224080763,0.3111111111111111,False,evi
F10,32,32,1,-2.0596128817343864,0.06666666666666667,False,evi
F11,20,20,1,-2.0893952590954,0.3111111111111111,False,evi
F11,32,32,1,-2.0509454661005866,0.06666666666666667,False,evi
F12,32,32,1,-2.0225977514011597,0.06666666666666667,False,evi
F13,26,26,1,-2.0362729054324435,0.057777777777777775,False,evi
G01,20,20,1,-2.33884959718816,0.3111111111111111,False,evi
G01,31,31,1,-2.339163129135578,0.12444444444444444,False,evi
G03,20,20,1,-2.2096010070986236,0.3111111111111111,False,evi
G06,32,32,1,-2.032213863072529,0.06666666666666667,False,evi
G08,20,20,1,-2.4468856558209633,0.3111111111111111,False,evi
G09,20,20,1,-2.2589022091702793,0.3111111111111111,False,evi
G10,20,20,1,-2.146634697583325,0.3111111111111111,False,evi
G10,33,33,1,-2.137411339292011,0.008888888888888889,False,evi
G11,20,20,1,-2.1140416421823653,0.3111111111111111,False,evi
G12,20,21,2,-2.3383692000601446,0.3111111111111111,False,evi
H01,10,10,1,-2.089104836415762,0.008888888888888889,False,evi
H03,21,21,1,-2.1337625257987605,0.08444444444444445,False,evi
H09,20,21,2,-2.052811691631678,0.3111111111111111,False,evi
H10,20,22,3,-2.33525060015172,0.3111111111111111,False,evi
H11,21,22,2,-2.1702593325860957,0.08444444444444445,False,evi
H12,21,21,1,-2.0365511101906373,0.08444444444444445,False,evi
H12,31,31,1,-2.2943794629456273,0.12444444444444444,False,evi
H13,20,20,1,-2.000390266544403,0.3111111111111111,False,evi
I04,21,21,1,-2.162996445044245,0.08444444444444445,False,evi
I07,20,20,1,-2.0512204913873124,0.3111111111111111,False,evi
I09,20,20,1,-2.0890090393287783,0.3111111111111111,False,evi
I10,20,21,2,-2.1634741455599387,0.3111111111111111,False,evi
I10,30,30,1,-2.0010666944684026,0.022222222222222223,False,evi
I11,21,22,2,-2.2756284884126163,0.08444444444444445,False,evi
I13,20,20,1,-2.0835268051414824,0.3111111111111111,False,evi
J07,20,20,1,-2.1982305705996206,0.3111111111111111,False,evi
J10,31,31,1,-2.0373262094624107,0.12444444444444444,False,evi
J10,33,33,1,-2.0420790626598064,0.008888888888888889,False,evi
K02,20,20,1,-2.074701951416226,0.3111111111111111,False,evi
K07,20,20,1,-2.314689240870613,0.3111111111111111,False,evi
K07,50,50,1,-2.01653046848936,0.008888888888888889,False,evi
L02,20,20,1,-2.2946205263262867,0.3111111111111111,False,evi
L03,20,20,1,-2.2302891410243166,0.3111111111111111,False,evi
M03,20,20,1,-2.1000728701987637,0.3111111111111111,False,evi
M04,20,20,1,-2.013921658273594,0.3111111111111111,False,evi
M05,20,20,1,-2.010961592551764,0.3111111111111111,False,evi
M08,31,31,1,-2.1319007574635753,0.12444444444444444,False,evi
M13,21,21,1,-2.024273077253495,0.08444444444444445,False,evi
N02,20,20,1,-2.1607147416201102,0.3111111111111111,False,evi
N03,20,20,1,-2.4401442859738265,0.3111111111111111,False,evi
N05,20,20,1,-2.196746083416502,0.3111111111111111,False,evi
N13,31,31,1,-2.2016905075246456,0.12444444444444444,False,evi
O03,20,20,1,-2.4263715768640592,0.3111111111111111,False,evi
O04,20,20,1,-2.198951456053703,0.3111111111111111,False,evi
O05,20,20,1,-2.0295126139687736,0.3111111111111111,False,evi
O13,31,31,1,-2.035569160532715,0.12444444444444444,False,evi
P03,20,20,1,-2.9302855967289383,0.3111111111111111,False,evi
P04,20,20,1,-2.2152510473745175,0.3111111111111111,False,evi
P13,31,31,1,-2.0175879106229395,0.12444444444444444,False,evi
Q04,20,20,1,-2.216561357493695,0.3111111111111111,False,evi
Q05,20,20,1,-2.26563390560177,0.3111111111111111,False,evi
R05,20,20,1,-2.2670349474095346,0.3111111111111111,False,evi
R05,22,22,1,-2.0803281419951203,0.017777777777777778,False,evi
R09,21,21,1,-2.2225321530523012,0.08444444444444445,False,evi
R10,25,26,2,-2.0856445770475203,0.013333333333333334,False,evi
R13,26,26,1,-2.099074845983563,0.057777777777777775,False,evi
S08,20,20,1,-2.222932077587623,0.3111111111111111,False,evi
S09,21,21,1,-2.088364704813407,0.08444444444444445,False,evi
S09,25,26,2,-2.0269437508126145,0.013333333333333334,False,evi
S10,25,26,2,-2.126321212988735,0.013333333333333334,False,evi
S11,20,20,1,-2.014129030996262,0.3111111111111111,False,evi
T08,20,20,1,-2.0368694278687824,0.3111111111111111,False,evi
T09,20,21,2,-2.1651833331377244,0.3111111111111111,False,evi
T09,26,26,1,-2.1966226212430735,0.057777777777777775,False,evi
T10,26,26,1,-2.0228954125061187,0.057777777777777775,False,evi
U09,20,20,1,-2.505538175633535,0.3111111111111111,False,evi
U09,26,26,1,-2.081646489545932,0.057777777777777775,False,evi
U10,20,20,1,-2.1280564335745287,0.3111111111111111,False,evi
U11,20,21,2,-2.2449254969692287,0.3111111111111111,False,evi
U12,21,21,1,-2.106907332685183,0.08444444444444445,False,evi
U13,21,21,1,-2.203394632385041,0.08444444444444445,False,evi
V10,20,21,2,-2.377014432549613,0.3111111111111111,False,evi
V10,26,26,1,-2.353831815630665,0.057777777777777775,False,evi
V11,20,21,2,-2.585746084722244,0.3111111111111111,False,evi
V12,21,21,1,-2.0848720727941314,0.08444444444444445,False,evi
