band,d,gamma
"(0.0, 3.59]",2.6620818717743004,7.206717073251941e-31
"(3.59, 7.18]",5.725834745532421,6.649333929183552e-31
"(7.18, 10.77]",8.990605087044344,6.458605234205672e-31
"(10.77, 14.36]",12.56935825563464,7.0007319616738065e-31
"(14.36, 17.95]",16.204305465832576,7.470258408887242e-31
"(17.95, 21.54]",19.672267499026155,7.858945860411702e-31
"(21.54, 25.13]",23.328816492781485,8.74188347360845e-31
"(25.13, 28.72]",26.807426849720162,9.053189681150689e-31
"(28.72, 32.31]",30.423488498629386,1.0282973442981778e-30
"(32.31, 35.9]",34.045934002365975,1.2002043355913202e-30
"(35.9, 39.49]",37.473630807079,1.312883019078412e-30
"(39.49, 43.08]",41.11896123301526,1.9037040634563418e-30
"(43.08, 46.67]",44.561596987796584,2.528811922481367e-30
"(46.67, 50.26]",47.811279322331146,5.7462960972018636e-30
