dist_band,lag,mean,lo,hi,n,sig
"(0, 3]",-6,-0.016794892618897595,-0.031022701468013968,0.0007340831892558017,201,False
"(0, 3]",-5,0.01688165548358386,-0.005334451626189639,0.03478775692726589,363,False
"(0, 3]",-4,0.021994453166973828,-0.0005598801518801014,0.04606321532907173,363,False
"(0, 3]",-3,0.012873817857740687,-0.00823680433055433,0.0233427536085679,311,False
"(0, 3]",-2,0.01528762837216075,0.002404807859131297,0.02650178383596751,278,True
"(0, 3]",-1,0.02291407854634599,-0.001571858257863211,0.041821883654962935,258,False
"(0, 3]",0,0.017886342937572443,-0.0028689045215247234,0.035070519748373614,183,False
"(0, 3]",1,0.031480137509549276,-0.005394345238095236,0.06109893176020408,170,False
"(0, 3]",2,0.029948006577607808,7.025193798449737e-05,0.04465951117099077,163,True
"(0, 3]",3,0.04186407593313188,0.0026895268358683045,0.06803917849031724,143,True
"(0, 3]",4,0.006890447515447515,-0.017371515012254906,0.01832656315583969,132,False
"(0, 3]",5,0.007570106643199865,-0.024740460236088987,0.05529278455497405,236,False
"(0, 3]",6,0.04373223838281475,-0.03200725608358833,0.06268080966311011,347,False
"(0, 3]",7,0.01060948806484521,-0.006426262384688723,0.014845522709178667,364,False
"(0, 3]",8,-0.0018808335810454452,-0.021842595855223187,0.008844251504085812,354,False
"(0, 3]",9,0.002986778252189211,-0.022170110250692408,0.01556525654757244,365,False
"(0, 3]",10,0.0003011171812401339,-0.02521776121755272,0.01730580536999533,366,False
"(0, 3]",11,0.007142618606659702,-0.019638674414454913,0.017954068230343366,365,False
"(0, 3]",12,0.02311051387338152,-0.006729260288878007,0.041569008818325294,340,False
"(3, 6]",-6,0.010131344610685178,-0.02211711247041224,0.050105325145154846,599,False
"(3, 6]",-5,0.022646436979396622,0.014298280131783131,0.034793211308256126,1115,True
"(3, 6]",-4,0.010011928780802811,0.004910754117957911,0.01354102805886811,1159,True
"(3, 6]",-3,0.00641562603607387,-0.0008402083244608993,0.011124939815060988,1016,False
"(3, 6]",-2,0.0195193868315453,0.006747451380918107,0.03405303399428267,915,True
"(3, 6]",-1,0.028432876872313058,0.016897385970527326,0.03344963157252847,807,True
"(3, 6]",0,0.02258752781760372,0.01145284741086352,0.03430507940602338,527,True
"(3, 6]",1,0.030413917249023634,-0.002207431008736979,0.04331754035527545,517,False
"(3, 6]",2,0.018085366473731254,-0.0030209179008544797,0.03060790261977772,477,False
"(3, 6]",3,0.006626834978708514,0.0017468515300415465,0.012079317407450912,427,True
"(3, 6]",4,0.0099062127884183,-0.0047074686828209875,0.021060798439205844,399,False
"(3, 6]",5,0.011512284539261753,-0.0015912322182344133,0.040787854356128826,746,False
"(3, 6]",6,0.03193279412173421,-0.004265679777505114,0.042503035312789865,1085,False
"(3, 6]",7,0.008518869951658327,-0.0047218866970620155,0.013583853415492425,1101,False
"(3, 6]",8,0.005288491419109397,-0.005426674259256827,0.011308879422896264,1068,False
"(3, 6]",9,0.002264931005065639,-0.010143891649010141,0.008454352659412181,1077,False
"(3, 6]",10,0.002783360698506684,0.0011766181148161851,0.006236571921668076,1096,True
"(3, 6]",11,0.005523516025565206,-0.01701223569258362,0.019121005340033036,1098,False
"(3, 6]",12,0.01910969002717771,-0.009800845545118569,0.036496700387323375,1015,False
"(6, 10]",-6,0.010753602962693874,-0.0017825627465371393,0.030860915051166206,1375,False
"(6, 10]",-5,0.019061481674790288,0.012759993605233527,0.021141785690458503,2427,True
"(6, 10]",-4,0.021228957528937734,0.006725333268404816,0.02541109485147232,2526,True
"(6, 10]",-3,0.008397718537742844,0.003415627672374225,0.01208811950779971,2263,True
"(6, 10]",-2,0.004876424300533623,-0.0021389696112175684,0.017352214035572824,2049,False
"(6, 10]",-1,0.05220229200998432,0.01429062713878379,0.08590369307657102,1755,True
"(6, 10]",0,0.02247380904511562,0.004803529889180843,0.030430955910655005,1171,True
"(6, 10]",1,0.032629641230989596,0.006539150475268481,0.04373479178191002,1131,True
"(6, 10]",2,0.028849227109170292,-0.004759677632357611,0.04552194056478071,1056,False
"(6, 10]",3,0.019334384073395064,-0.0024337752901516536,0.04685097123961676,910,False
"(6, 10]",4,0.022260113893653354,0.006200658395447267,0.03527833605101919,849,True
"(6, 10]",5,0.006428491873464699,-0.0024355574122735106,0.02010732806320257,1472,False
"(6, 10]",6,0.023264668971627045,0.004898957772478872,0.02822978704356744,2242,True
"(6, 10]",7,0.012739131466125334,0.0052565899471998575,0.01697265600492503,2445,True
"(6, 10]",8,0.011823961975027114,0.006197987310103303,0.01683415822459562,2441,True
"(6, 10]",9,0.012182971089982049,0.004326050537831176,0.019947112839089683,2464,True
"(6, 10]",10,0.007293997496395171,-0.001900209091222987,0.011625724958034033,2492,False
"(6, 10]",11,0.004162905964435757,-0.02398986359062253,0.02138827416191348,2484,False
"(6, 10]",12,0.013845209519530348,-0.010579561184265732,0.0271723516909114,2319,False
"(10, 15]",-6,0.008512926222353745,-0.003958614449431047,0.02639815296031414,1904,False
"(10, 15]",-5,0.025123680573114596,0.016481301979146226,0.034010337109525675,3357,True
"(10, 15]",-4,0.02115814774184183,0.01071498354872336,0.028482667823941137,3465,True
"(10, 15]",-3,0.007067179028131878,0.00396127699649012,0.01697545708172956,3054,True
"(10, 15]",-2,0.0021730285014335193,-0.012349411252783583,0.03825688160109243,2790,False
"(10, 15]",-1,0.07082457571236223,0.0069414137073885215,0.12222700314007295,2356,True
"(10, 15]",0,0.023775556714131448,0.012443973180167902,0.03248551100226395,1512,True
"(10, 15]",1,0.026933925467529478,0.015320284210293666,0.03133149472653451,1447,True
"(10, 15]",2,0.023272538986890162,0.00813543727589578,0.031249064209598932,1364,True
"(10, 15]",3,0.015846099213286714,0.005724248824891654,0.03300182627093259,1200,True
"(10, 15]",4,0.023931828969351376,0.003566678428450017,0.037778333772607676,1116,True
"(10, 15]",5,0.009088503211725961,0.004245535910762284,0.01808140038932159,2110,True
"(10, 15]",6,0.02491294520414323,0.0021065500120563334,0.03028586695167951,2934,True
"(10, 15]",7,0.009054959476988107,-0.00822207327468487,0.015579696662158755,3458,False
"(10, 15]",8,0.008760234865123213,-0.00038761913795272863,0.01940803640554321,3493,False
"(10, 15]",9,0.023627756274279692,0.01592540566404573,0.03357013368305376,3502,True
"(10, 15]",10,0.024074119061208765,-0.015704137987395537,0.034316695055733974,3534,False
"(10, 15]",11,0.002284682656001942,-0.025633296265952146,0.01929667988462813,3464,False
"(10, 15]",12,0.012969869622546574,-0.007971158582322852,0.02407642464597247,3306,False
"(15, 22]",-6,0.004596459468195495,-0.00591771863946512,0.018627348696156037,2451,False
"(15, 22]",-5,0.02647970657071677,0.016223600150676427,0.04236316554320833,4608,True
"(15, 22]",-4,0.018663614899937928,0.007481228808599447,0.02293385421761107,4981,True
"(15, 22]",-3,0.009087044797428882,0.004627810333396472,0.01769285608312561,4348,True
"(15, 22]",-2,0.003561572747582387,-0.0050335219878284935,0.017343120161587535,3942,False
"(15, 22]",-1,0.03599923615110002,0.0043740687589906456,0.06137400221703567,3313,True
"(15, 22]",0,0.019209783190279644,0.011438063136932434,0.028804231808000385,2115,True
"(15, 22]",1,0.015764055071100416,0.011131206218809803,0.017766607668996702,2051,True
"(15, 22]",2,0.022137332023783388,0.010621871240897777,0.027191682614602527,1943,True
"(15, 22]",3,0.022900480132572433,0.011665153077306289,0.02941630887483389,1766,True
"(15, 22]",4,0.008022835843761986,0.00015523671366590985,0.01355789496934981,1706,True
"(15, 22]",5,0.005755380956642062,0.000695093938114314,0.017943749210986997,3152,True
"(15, 22]",6,0.019629980512591755,-0.0010362481793159265,0.025054623643974563,4270,False
"(15, 22]",7,0.006505551530624917,-0.0032273132027746273,0.011391094241336025,5110,False
"(15, 22]",8,0.011218660617627437,-0.001819788207067809,0.01819392446683768,5033,False
"(15, 22]",9,0.018601886681081717,0.011544139708946258,0.030665990135620595,4994,True
"(15, 22]",10,0.024243709101975836,-0.005212865189206196,0.03094890705137526,5005,False
"(15, 22]",11,0.010488031749575993,-0.0011650163257425075,0.017645605120753853,4656,False
"(15, 22]",12,0.012343269421401267,-0.002550408367979318,0.01817983374665002,4566,False
"(22, 35]",-6,0.010660422270794612,-0.0033946483809220427,0.02702888048660818,2350,False
"(22, 35]",-5,0.01580759127490595,0.00023370279489715165,0.02435466712339512,4681,True
"(22, 35]",-4,0.02441972298093999,-0.00019604961662905956,0.03531600684338687,5456,False
"(22, 35]",-3,0.014774759244790036,0.009497964561038736,0.02233704663655254,4709,True
"(22, 35]",-2,0.01952513954175328,0.006226816637058112,0.0591058747571788,4251,True
"(22, 35]",-1,0.03998954528291264,0.0016068993703546698,0.053175817198473994,3626,True
"(22, 35]",0,0.02083479632079345,0.004670287598417264,0.04434193703418183,2437,True
"(22, 35]",1,0.01661006533861926,0.009959361279438427,0.02581074664252662,2448,True
"(22, 35]",2,0.020570591991962962,0.014808855199533432,0.02425899293654737,2294,True
"(22, 35]",3,0.01991047298527794,0.0034743057030234086,0.026603629992127013,2179,True
"(22, 35]",4,0.01832203477904296,0.00708072840341323,0.025802968918528516,2201,True
"(22, 35]",5,0.010213483407298392,0.0013814977113858517,0.025422856675246866,3751,True
"(22, 35]",6,0.020425743741979814,0.008042607005956097,0.02465514614155828,4935,True
"(22, 35]",7,0.0032889692334436764,-0.004158748272058105,0.011485815689564341,5556,False
"(22, 35]",8,0.006114164764925272,-0.009214778682154813,0.015620370991665427,5687,False
"(22, 35]",9,0.014792508475499571,0.008170972436876776,0.018814932241965034,5503,True
"(22, 35]",10,0.02595693476829456,0.0073729731481745634,0.032737090541745395,5317,True
"(22, 35]",11,0.008444206067156887,0.0021647615377752318,0.017064606716078505,4880,True
"(22, 35]",12,0.009883109935753533,-0.004195448281291585,0.01713132897946018,4927,False
"(35, 60]",-6,-0.01701514882266056,-0.018972126623618992,-0.014278191707202868,639,True
"(35, 60]",-5,-0.007324179859471298,-0.018572655067450088,-0.00027810310005093274,1098,True
"(35, 60]",-4,-0.0038172262046395978,-0.014685437831962064,0.0018479045278209014,1299,False
"(35, 60]",-3,0.0013681780818877592,-0.013758095962155556,0.008056448594125458,1147,False
"(35, 60]",-2,-0.0034983641292882996,-0.026505528224238975,0.020095404156726396,1055,False
"(35, 60]",-1,-0.010021260852185708,-0.017152022690458263,-0.0003754206198239516,865,True
"(35, 60]",0,-0.005670959702483026,-0.010406462257017992,0.002651705793950874,686,False
"(35, 60]",1,0.000965528946228802,-0.006966102025832085,0.009480630374700646,693,False
"(35, 60]",2,0.00852914527333132,-0.0024823589308580686,0.02663819421015145,645,False
"(35, 60]",3,-0.00033946807707138296,-0.004357386670410967,0.01146687297077922,605,False
"(35, 60]",4,0.004797323134587286,-0.00036037850172481107,0.008203562035524593,689,False
"(35, 60]",5,-0.0032195794458110796,-0.008291503295336223,0.005762363912836948,1157,False
"(35, 60]",6,-0.0028104383691504894,-0.01249879026074517,0.013302331207607532,1320,False
"(35, 60]",7,-0.00024731596932262115,-0.013441729746352476,0.014848477613934138,1353,False
"(35, 60]",8,-0.0062696476208640335,-0.022565366796167587,0.0009029802835067405,1377,False
"(35, 60]",9,-0.006396687079163897,-0.014101498158609956,0.008114901345104262,1294,False
"(35, 60]",10,0.0033859411884411893,-0.0025529896124885233,0.014361990988593554,1250,False
"(35, 60]",11,0.012278128039740063,-0.011372884114583334,0.02990969395972499,1098,False
"(35, 60]",12,0.017561994651263405,-0.004869158358350087,0.035140420168528974,1053,False
